{
  "dataset_name": "NHANES",
  "mechanism": "MCAR",
  "target_rate": 0.1,
  "actual_rate_eligible": 0.10044708296687188,
  "actual_rate_all": 0.0927203842771125,
  "seed": 2025,
  "n_rows": 2274,
  "n_cols": 13,
  "columns": [
    "ID",
    "waist_circumference",
    "systolic_bp",
    "diastolic_bp",
    "triglycerides",
    "hdl_cholesterol",
    "fasting_glucose",
    "age",
    "bmi",
    "hba1c",
    "gender_std",
    "age_band",
    "metabolic_score"
  ],
  "column_types": {
    "continuous": [
      "waist_circumference",
      "systolic_bp",
      "diastolic_bp",
      "triglycerides",
      "hdl_cholesterol",
      "fasting_glucose",
      "age",
      "bmi",
      "hba1c",
      "metabolic_score"
    ],
    "categorical": [
      "gender_std",
      "age_band"
    ],
    "excluded": [
      "ID"
    ]
  },
  "tolerance": 0.01,
  "min_missing_per_col": 1,
  "per_column_missing_rate": {
    "ID": 0.0,
    "waist_circumference": 0.10642040457343888,
    "systolic_bp": 0.10422163588390501,
    "diastolic_bp": 0.0853122251539138,
    "triglycerides": 0.11741424802110818,
    "hdl_cholesterol": 0.09586631486367635,
    "fasting_glucose": 0.10246262093227793,
    "age": 0.1011433597185576,
    "bmi": 0.09454705364995603,
    "hba1c": 0.10422163588390501,
    "gender_std": 0.10202286719437115,
    "age_band": 0.09146877748460862,
    "metabolic_score": 0.10026385224274406
  }
}