{
  "dataset_name": "AutoMPG",
  "mechanism": "MCAR",
  "target_rate": 0.1,
  "actual_rate_eligible": 0.09789540816326531,
  "actual_rate_all": 0.08701814058956917,
  "seed": 2025,
  "n_rows": 392,
  "n_cols": 9,
  "columns": [
    "ID",
    "cylinders",
    "displacement",
    "horsepower",
    "weight",
    "acceleration",
    "model_year",
    "origin",
    "mpg"
  ],
  "column_types": {
    "continuous": [
      "cylinders",
      "displacement",
      "horsepower",
      "weight",
      "acceleration",
      "mpg"
    ],
    "categorical": [
      "model_year",
      "origin"
    ],
    "excluded": [
      "ID"
    ]
  },
  "tolerance": 0.01,
  "min_missing_per_col": 1,
  "per_column_missing_rate": {
    "ID": 0.0,
    "cylinders": 0.11989795918367346,
    "displacement": 0.09183673469387756,
    "horsepower": 0.08418367346938775,
    "weight": 0.08673469387755102,
    "acceleration": 0.08928571428571429,
    "model_year": 0.1096938775510204,
    "origin": 0.09693877551020408,
    "mpg": 0.10459183673469388
  }
}