{
  "dataset_name": "MIMIC",
  "mechanism": "MCAR",
  "target_rate": 0.5,
  "actual_rate_eligible": 0.5052997076023392,
  "actual_rate_all": 0.44915529564652373,
  "seed": 2025,
  "n_rows": 2052,
  "n_cols": 9,
  "columns": [
    "ID",
    "RESP",
    "ABP",
    "SBP",
    "DBP",
    "SpO2",
    "HR",
    "PULSE",
    "ALARM"
  ],
  "column_types": {
    "continuous": [
      "RESP",
      "ABP",
      "SBP",
      "DBP",
      "HR",
      "PULSE"
    ],
    "categorical": [
      "SpO2",
      "ALARM"
    ],
    "excluded": [
      "ID"
    ]
  },
  "tolerance": 0.01,
  "min_missing_per_col": 1,
  "per_column_missing_rate": {
    "ID": 0.0,
    "RESP": 0.5307017543859649,
    "ABP": 0.5048732943469786,
    "SBP": 0.5024366471734892,
    "DBP": 0.5063352826510721,
    "SpO2": 0.4956140350877193,
    "HR": 0.5024366471734892,
    "PULSE": 0.5146198830409356,
    "ALARM": 0.4853801169590643
  }
}