{
  "dataset_name": "MIMIC",
  "mechanism": "MAR",
  "target_rate": 0.5,
  "actual_rate_eligible": 0.5002436647173489,
  "actual_rate_all": 0.44466103530431017,
  "seed": 2025,
  "n_rows": 2052,
  "n_cols": 9,
  "columns": [
    "ID",
    "RESP",
    "ABP",
    "SBP",
    "DBP",
    "SpO2",
    "HR",
    "PULSE",
    "ALARM"
  ],
  "column_types": {
    "continuous": [
      "RESP",
      "ABP",
      "SBP",
      "DBP",
      "HR",
      "PULSE"
    ],
    "categorical": [
      "SpO2",
      "ALARM"
    ],
    "excluded": [
      "ID"
    ]
  },
  "tolerance": 0.01,
  "min_missing_per_col": 1,
  "strict_mar": true,
  "mar_driver_cols": [
    "ID"
  ],
  "mar_logistic_scale": 1.0,
  "per_column_missing_rate": {
    "ID": 0.0,
    "RESP": 0.5175438596491229,
    "ABP": 0.4819688109161793,
    "SBP": 0.5024366471734892,
    "DBP": 0.5038986354775828,
    "SpO2": 0.48391812865497075,
    "HR": 0.5004873294346979,
    "PULSE": 0.5131578947368421,
    "ALARM": 0.49853801169590645
  }
}