{
  "dataset_name": "MIMIC",
  "mechanism": "MNAR",
  "target_rate": 0.1,
  "actual_rate_eligible": 0.10227826510721248,
  "actual_rate_all": 0.09091401342863331,
  "seed": 2025,
  "n_rows": 2052,
  "n_cols": 9,
  "columns": [
    "ID",
    "RESP",
    "ABP",
    "SBP",
    "DBP",
    "SpO2",
    "HR",
    "PULSE",
    "ALARM"
  ],
  "column_types": {
    "continuous": [
      "RESP",
      "ABP",
      "SBP",
      "DBP",
      "HR",
      "PULSE"
    ],
    "categorical": [
      "SpO2",
      "ALARM"
    ],
    "excluded": [
      "ID"
    ]
  },
  "tolerance": 0.01,
  "min_missing_per_col": 1,
  "mnar_params": {},
  "per_column_missing_rate": {
    "ID": 0.0,
    "RESP": 0.09405458089668615,
    "ABP": 0.09697855750487329,
    "SBP": 0.1023391812865497,
    "DBP": 0.08382066276803118,
    "SpO2": 0.09990253411306042,
    "HR": 0.0935672514619883,
    "PULSE": 0.11159844054580896,
    "ALARM": 0.13596491228070176
  }
}