{
  "dataset_name": "MIMIC",
  "mechanism": "MCAR",
  "target_rate": 0.3,
  "actual_rate_eligible": 0.2995248538011696,
  "actual_rate_all": 0.2662443144899285,
  "seed": 2025,
  "n_rows": 2052,
  "n_cols": 9,
  "columns": [
    "ID",
    "RESP",
    "ABP",
    "SBP",
    "DBP",
    "SpO2",
    "HR",
    "PULSE",
    "ALARM"
  ],
  "column_types": {
    "continuous": [
      "RESP",
      "ABP",
      "SBP",
      "DBP",
      "HR",
      "PULSE"
    ],
    "categorical": [
      "SpO2",
      "ALARM"
    ],
    "excluded": [
      "ID"
    ]
  },
  "tolerance": 0.01,
  "min_missing_per_col": 1,
  "per_column_missing_rate": {
    "ID": 0.0,
    "RESP": 0.31773879142300193,
    "ABP": 0.2850877192982456,
    "SBP": 0.3084795321637427,
    "DBP": 0.30360623781676416,
    "SpO2": 0.2802144249512671,
    "HR": 0.2928849902534113,
    "PULSE": 0.3162768031189084,
    "ALARM": 0.2919103313840156
  }
}