{
  "dataset_name": "MIMIC",
  "mechanism": "MNAR",
  "target_rate": 0.3,
  "actual_rate_eligible": 0.3000121832358674,
  "actual_rate_all": 0.26667749620965997,
  "seed": 2025,
  "n_rows": 2052,
  "n_cols": 9,
  "columns": [
    "ID",
    "RESP",
    "ABP",
    "SBP",
    "DBP",
    "SpO2",
    "HR",
    "PULSE",
    "ALARM"
  ],
  "column_types": {
    "continuous": [
      "RESP",
      "ABP",
      "SBP",
      "DBP",
      "HR",
      "PULSE"
    ],
    "categorical": [
      "SpO2",
      "ALARM"
    ],
    "excluded": [
      "ID"
    ]
  },
  "tolerance": 0.01,
  "min_missing_per_col": 1,
  "mnar_params": {},
  "per_column_missing_rate": {
    "ID": 0.0,
    "RESP": 0.2919103313840156,
    "ABP": 0.27582846003898637,
    "SBP": 0.2821637426900585,
    "DBP": 0.26851851851851855,
    "SpO2": 0.30896686159844056,
    "HR": 0.2875243664717349,
    "PULSE": 0.30701754385964913,
    "ALARM": 0.37816764132553604
  }
}