{
  "dataset_name": "MIMIC",
  "mechanism": "MAR",
  "target_rate": 0.3,
  "actual_rate_eligible": 0.3008650097465887,
  "actual_rate_all": 0.26743556421918996,
  "seed": 2025,
  "n_rows": 2052,
  "n_cols": 9,
  "columns": [
    "ID",
    "RESP",
    "ABP",
    "SBP",
    "DBP",
    "SpO2",
    "HR",
    "PULSE",
    "ALARM"
  ],
  "column_types": {
    "continuous": [
      "RESP",
      "ABP",
      "SBP",
      "DBP",
      "HR",
      "PULSE"
    ],
    "categorical": [
      "SpO2",
      "ALARM"
    ],
    "excluded": [
      "ID"
    ]
  },
  "tolerance": 0.01,
  "min_missing_per_col": 1,
  "strict_mar": true,
  "mar_driver_cols": [
    "ID"
  ],
  "mar_logistic_scale": 1.0,
  "per_column_missing_rate": {
    "ID": 0.0,
    "RESP": 0.3148148148148148,
    "ABP": 0.29142300194931775,
    "SBP": 0.30653021442495126,
    "DBP": 0.2948343079922027,
    "SpO2": 0.29142300194931775,
    "HR": 0.2928849902534113,
    "PULSE": 0.31968810916179335,
    "ALARM": 0.2953216374269006
  }
}